Blanchard-Foucher,William,6000,NICE,04.84.63.25.02,william.blanchard-foucher@server.fr,medecin
Lambert,Roland,6100,NICE,04.06.86.78.55,roland.lambert@server.fr,barman
Noel,,6100,NICE,04.66.95.88.51,adrien.noel@server.fr,barman
Pruvost,Adrien,6100,NICE,04.65.84.72.72,adrien.pruvost@server.fr,
Traore,Adrienne,6100,NICE,04.80.65.40.37,adrienne.traore@server.fr,
Berthelot,Antoinette-Christiane,6100,NICE,04.80.40.08.15,antoinette-christiane.berthelot@server.fr,
de la Blanchard,Laurent,6100,NICE,04.53.50.19.19,laurent.de-la-blanchard@server.fr,
Antoine,Alphonse,6200,NICE,04.06.48.44.74,alphonse.antoine@server.fr,architecte
Lebrun,,6200,NICE,04.63.84.95.56,caroline.lebrun@server.fr,chef d'entreprise
Humbert,Isabelle,6200,NICE,04.38.64.56.37,isabelle.humbert@server.fr,comptable
Hubert,Henriette,6200,NICE,04.35.62.02.81,henriette.hubert@server.fr,cuisinier
Hamel,Alfred-Richard,6200,NICE,04.91.30.33.42,alfred-richard.hamel@server.fr,ouvrier
Hubert Le Pires,Nicole,6200,NICE,04.61.30.65.53,nicole.hubert-le-pires@server.fr,ouvrier
Toussaint,Alexandre-Marcel,6200,NICE,04.23.98.14.31,alexandre-marcel.toussaint@server.fr,technicien
Aubry,Alfred,6200,NICE,04.09.59.21.48,alfred.aubry@server.fr,
Berthelot Le Blondel,Eric,6200,NICE,04.47.80.53.08,eric.berthelot-le-blondel@server.fr,
Renault,Richard,6200,NICE,04.19.47.09.62,richard.renault@server.fr,
Fouquet,Etienne,13001,MARSEILLE,04.06.67.05.79,etienne.fouquet@server.fr,chauffeur
du Ramos,Antoinette,13001,MARSEILLE,04.87.83.50.83,antoinette.du-ramos@server.fr,comptable
Peron,Capucine,13001,MARSEILLE,04.40.17.69.96,capucine.peron@server.fr,informaticien
Aubert,,13001,MARSEILLE,04.84.66.96.69,anne.aubert@server.fr,journaliste
Vidal,Anastasie,13001,MARSEILLE,04.93.18.60.87,anastasie.vidal@server.fr,
Besson,Martin,13001,MARSEILLE,04.35.65.24.74,martin.besson@server.fr,
Pascal-Hubert,Patricia,13001,MARSEILLE,04.40.06.02.77,patricia.pascal-hubert@server.fr,
de Lebreton,Veronique,13002,MARSEILLE,04.79.04.78.12,veronique.de-lebreton@server.fr,architecte
Le Thibault,Lorraine,13002,MARSEILLE,04.93.75.35.03,lorraine.le-thibault@server.fr,
de Rocher,,13002,MARSEILLE,04.83.69.95.97,christophe.de-rocher@server.fr,
Ribeiro,Danielle,13003,MARSEILLE,04.60.93.24.97,danielle.ribeiro@server.fr,comptable
Valentin,Eleonore,13003,MARSEILLE,04.28.94.21.06,eleonore.valentin@server.fr,
Muller-Denis,Amelie,13004,MARSEILLE,04.24.26.56.83,amelie.muller-denis@server.fr,
Mary,Arthur-Etienne,13005,MARSEILLE,04.68.72.86.89,arthur-etienne.mary@server.fr,
Fouquet,Andre-David,13006,MARSEILLE,04.42.39.83.42,andre-david.fouquet@server.fr,informaticien
Delannoy,Veronique,13006,MARSEILLE,04.82.85.95.42,veronique.delannoy@server.fr,
Salmon,Danielle,13007,MARSEILLE,04.84.37.73.98,danielle.salmon@server.fr,militaire
Mendes,Capucine,13008,MARSEILLE,04.82.77.24.25,capucine.mendes@server.fr,barman
Camus, ,13008,MARSEILLE,04.51.88.28.62,luc.camus@server.fr,barman
Klein,Isabelle,13008,MARSEILLE,04.84.28.88.58,isabelle.klein@server.fr,chef d'entreprise
Marion-Masson,Zoe,13008,MARSEILLE,04.97.86.34.45,zoe.marion-masson@server.fr,cuisinier
Perez,,13008,MARSEILLE,04.71.30.01.89,claudine.perez@server.fr,footballeur
Benard,Anouk,13008,MARSEILLE,04.57.18.44.46,anouk.benard@server.fr,
Pons,Aurelie,13008,MARSEILLE,04.90.11.19.81,aurelie.pons@server.fr,
Delmas,Jerome,13008,MARSEILLE,04.92.99.70.04,jerome.delmas@server.fr,
Vallet,,13008,MARSEILLE,04.57.49.59.61,alex.vallet@server.fr,
Payet,,13009,MARSEILLE,04.47.12.82.89,anne.payet@server.fr,chef d'entreprise
Diaz,William,13009,MARSEILLE,04.53.52.63.39,william.diaz@server.fr,journaliste
Thierry,Zacharie,13009,MARSEILLE,04.80.19.29.74,zacharie.thierry@server.fr,journaliste
Toussaint,Dominique,13009,MARSEILLE,04.85.28.43.42,dominique.toussaint@server.fr,
Olivier,Michelle,13009,MARSEILLE,04.31.72.14.61,michelle.olivier@server.fr,
Delahaye,,13009,MARSEILLE,04.43.66.23.77,audrey.delahaye@server.fr,
Humbert,Laurence,13010,MARSEILLE,04.10.04.74.85,laurence.humbert@server.fr,barman
du De Oliveira,Lucas,13010,MARSEILLE,04.50.59.96.70,lucas.du-de-oliveira@server.fr,chef d'entreprise
Baron,Bernard,13010,MARSEILLE,04.42.41.86.45,bernard.baron@server.fr,
Carre,,13010,MARSEILLE,04.87.66.35.26,arthur.carre@server.fr,
Andre,Emmanuelle,13011,MARSEILLE,04.51.77.86.41,emmanuelle.andre@server.fr,
Bouchet,,13011,MARSEILLE,04.30.21.98.88,edouard-rene.bouchet@server.fr,
Lopez,Victor,13012,MARSEILLE,04.37.88.80.99,victor.lopez@server.fr,
Vallet,Alphonse,13013,MARSEILLE,04.78.30.92.16,alphonse.vallet@server.fr,acteur
Boyer de la Leroy,Julien,13013,MARSEILLE,04.43.71.77.53,julien.boyer-de-la-leroy@server.fr,banquier
du Fernandez,Cecile,13013,MARSEILLE,04.28.56.11.58,cecile.du-fernandez@server.fr,barman
Martineau,David,13013,MARSEILLE,04.21.12.37.63,david.martineau@server.fr,cuisinier
de la Lopez,Ines,13013,MARSEILLE,04.13.43.52.22,ines.de-la-lopez@server.fr,medecin
Benard du Pires,Olivier,13013,MARSEILLE,04.50.17.08.10,olivier.benard-du-pires@server.fr,militaire
Barthelemy,Alix,13013,MARSEILLE,04.01.04.11.37,alix.barthelemy@server.fr,
Robin-Hamon,Alix,13013,MARSEILLE,04.64.69.03.27,alix.robin-hamon@server.fr,
Berthelot,Edith,13013,MARSEILLE,04.56.03.03.87,edith.berthelot@server.fr,
Brunel-Allain,Franck,13013,MARSEILLE,04.68.34.07.51,franck.brunel-allain@server.fr,
Chretien,Leon,13013,MARSEILLE,04.77.45.08.66,leon.chretien@server.fr,
Berthelot,Lucie,13013,MARSEILLE,04.18.31.29.17,lucie.berthelot@server.fr,
Blanchet,Michel,13013,MARSEILLE,04.89.53.45.98,michel.blanchet@server.fr,
de la Da Costa,Timothee,13013,MARSEILLE,04.51.80.30.03,timothee.de-la-da-costa@server.fr,
Weber,,13013,MARSEILLE,04.07.51.11.88,alix-daisy.weber@server.fr,
Bourdon,Bertrand,13014,MARSEILLE,04.75.82.81.14,bertrand.bourdon@server.fr,banquier
Dufour,Laetitia,13014,MARSEILLE,04.51.13.11.77,laetitia.dufour@server.fr,barman
Blanchard,Edith,13014,MARSEILLE,04.42.17.34.30,edith.blanchard@server.fr,
Benoit,,13015,MARSEILLE,04.11.27.42.16,corinne.benoit@server.fr,informaticien
Pottier-Leleu,Adelaide,13015,MARSEILLE,04.70.89.89.12,adelaide.pottier-leleu@server.fr,
Rey,Alix,13016,MARSEILLE,04.13.15.63.49,alix.rey@server.fr,
Maillet,Benoit,13016,MARSEILLE,04.06.13.42.17,benoit.maillet@server.fr,
Fontaine,Christophe,13080,AIX-EN-PROVENCE,04.95.62.77.35,christophe.fontaine@server.fr,chauffeur
Thibault,Alfred,31000,TOULOUSE,05.34.21.41.83,alfred.thibault@server.fr,banquier
Allard,Alain,31000,TOULOUSE,05.52.67.46.27,alain.allard@server.fr,chercheur
Delattre,Benoit,31000,TOULOUSE,05.20.26.28.86,benoit.delattre@server.fr,ouvrier
de Dufour,Sylvie,31000,TOULOUSE,05.96.97.16.00,sylvie.de-dufour@server.fr,
Colin,Alain-Nicolas,31100,TOULOUSE,05.74.76.00.20,alain-nicolas.colin@server.fr,
Picard,Raymond,31200,TOULOUSE,05.19.99.85.48,raymond.picard@server.fr,medecin
Barre-Ribeiro,,31200,TOULOUSE,05.76.09.21.76,frederic.barre-ribeiro@server.fr,ouvrier
Vallet,Colette,31200,TOULOUSE,05.16.43.39.41,colette.vallet@server.fr,
de la Picard,Noemi,31200,TOULOUSE,05.86.69.79.75,noemi.de-la-picard@server.fr,
Alexandre de Rossi,,31200,TOULOUSE,05.26.31.69.69,anne.alexandre-de-rossi@server.fr,
Dijoux,Timothee,31300,TOULOUSE,05.35.52.93.57,timothee.dijoux@server.fr,avocat
Vallet,Aime,31300,TOULOUSE,05.25.11.64.21,aime.vallet@server.fr,
Leleu Le Colas, ,31400,TOULOUSE,05.20.54.42.50,daisy.leleu-le-colas@server.fr,barman
Navarro,,31500,TOULOUSE,05.11.62.50.42,helene.navarro@server.fr,barman
de la Boucher,Christelle,31500,TOULOUSE,05.26.03.50.13,christelle.de-la-boucher@server.fr,
Leblanc,Matthieu,31500,TOULOUSE,05.16.92.04.42,matthieu.leblanc@server.fr,
Coulon,Audrey,33000,BORDEAUX,05.03.47.23.42,audrey.coulon@server.fr,avocat
Thibault,Corinne,33000,BORDEAUX,05.86.34.17.52,corinne.thibault@server.fr,chauffeur
de Chevalier,Martine,33000,BORDEAUX,05.08.40.28.82,martine.de-chevalier@server.fr,comptable
Bouvet du Boutin,Olivier,33000,BORDEAUX,05.31.76.95.96,olivier.bouvet-du-boutin@server.fr,medecin
de la Lemonnier,Laurent,33000,BORDEAUX,05.34.75.79.34,laurent.de-la-lemonnier@server.fr,
Barre,,33000,BORDEAUX,05.06.24.10.40,charlotte.barre@server.fr,
Lacombe,Laurence,33100,BORDEAUX,05.19.81.29.12,laurence.lacombe@server.fr,architecte
Adam,Christophe,33100,BORDEAUX,05.89.11.13.05,christophe.adam@server.fr,chef d'entreprise
du Renaud,,33100,BORDEAUX,05.33.30.62.41,bernard.du-renaud@server.fr,journaliste
Blanchet,Daniel-Alexandre,33100,BORDEAUX,05.99.00.29.39,daniel-alexandre.blanchet@server.fr,technicien
de la Paul,Anais,33300,BORDEAUX,05.51.67.15.68,anais.de-la-paul@server.fr,barman
Bailly,Amelie,33300,BORDEAUX,05.78.06.03.54,amelie.bailly@server.fr,
David de Mary,,34000,MONTPELLIER,04.19.41.05.98,joseph.david-de-mary@server.fr,architecte
Aubry,Elodie,34000,MONTPELLIER,04.92.70.76.24,elodie.aubry@server.fr,medecin
Voisin,Alain,34000,MONTPELLIER,04.98.04.41.59,alain.voisin@server.fr,
Coste,Theodore,34070,MONTPELLIER,04.01.43.27.22,theodore.coste@server.fr,avocat
Caron,Jules,34070,MONTPELLIER,04.77.18.00.44,jules.caron@server.fr,informaticien
Le Ruiz,Marc,34080,MONTPELLIER,04.10.28.08.50,marc.le-ruiz@server.fr,informaticien
Dufour,Jules,34090,MONTPELLIER,04.84.43.35.45,jules.dufour@server.fr,chercheur
Teixeira,Aimee,34090,MONTPELLIER,04.49.34.01.96,aimee.teixeira@server.fr,technicien
Julien du Vallet,Isabelle,34090,MONTPELLIER,04.99.76.55.66,isabelle.julien-du-vallet@server.fr,
de la Fleury,Vincent,35000,RENNES,02.90.75.44.45,vincent.de-la-fleury@server.fr,banquier
Simon,David,35000,RENNES,02.49.93.37.49,david.simon@server.fr,chef d'entreprise
Leleu,Alain-Theophile,35000,RENNES,02.02.72.69.15,alain-theophile.leleu@server.fr,
Dos Santos,Jerome,35000,RENNES,02.68.87.37.79,jerome.dos-santos@server.fr,
Hamel,Alphonse-Julien,35200,RENNES,02.51.76.45.49,alphonse-julien.hamel@server.fr,avocat
Blot,Christelle,35200,RENNES,02.97.20.55.15,christelle.blot@server.fr,banquier
Chevalier,Julien,35200,RENNES,02.95.75.99.50,julien.chevalier@server.fr,militaire
Mahe,David,35200,RENNES,02.57.76.07.10,david.mahe@server.fr,
Valette,Zacharie,35200,RENNES,02.35.78.49.19,zacharie.valette@server.fr,
Francois,,35200,RENNES,02.19.25.22.51,etienne.francois@server.fr,
Bouvet,Juliette,35700,RENNES,02.36.93.19.86,juliette.bouvet@server.fr,technicien
Maury,Marianne,35700,RENNES,02.81.57.39.82,marianne.maury@server.fr,
Schmitt,Stephanie,35700,RENNES,02.41.88.32.01,stephanie.schmitt@server.fr,
Chartier du Carlier,Yves,35700,RENNES,02.24.46.18.43,yves.chartier-du-carlier@server.fr,
Vallet,Josephine,38000,GRENOBLE,04.66.62.48.21,josephine.vallet@server.fr,ouvrier
Delahaye,Vincent,38000,GRENOBLE,04.93.19.42.38,vincent.delahaye@server.fr,
Meyer,Tristan,38100,GRENOBLE,04.83.74.44.15,tristan.meyer@server.fr,
Hernandez,Pauline,42000,ST ETIENNE,04.57.85.54.67,pauline.hernandez@server.fr,chauffeur
de la Martel,Charles,42000,ST ETIENNE,04.29.20.50.45,charles.de-la-martel@server.fr,medecin
Cohen,,44000,NANTES,02.57.90.78.87,arthur.cohen@server.fr,banquier
Ribeiro,Daniel,44000,NANTES,02.47.66.10.13,daniel.ribeiro@server.fr,
Maurice,Benoit,44100,NANTES,02.72.85.06.13,benoit.maurice@server.fr,
Breton,Jacques,44100,NANTES,02.33.29.75.25,jacques.breton@server.fr,
Mace,Claire,44200,NANTES,02.54.68.59.39,claire.mace@server.fr,banquier
Bouvet,Michele,44200,NANTES,02.94.01.61.95,michele.bouvet@server.fr,militaire
Muller,,44300,NANTES,02.64.17.68.36,capucine.muller@server.fr,informaticien
Fernandez-Poulain,Xavier,44300,NANTES,02.00.00.70.91,xavier.fernandez-poulain@server.fr,ouvrier
Hardy,,44300,NANTES,02.05.54.79.01,claire.hardy@server.fr,
Bertin,Francoise,59000,LILLE,03.85.13.38.31,francoise.bertin@server.fr,footballeur
Besson,Adrien-Emile,59000,LILLE,03.15.78.90.68,adrien-emile.besson@server.fr,
Valette,Paul,59000,LILLE,03.87.62.68.70,paul.valette@server.fr,
Salmon,Sophie,67000,STRASBOURG,03.03.03.11.17,sophie.salmon@server.fr,footballeur
Raynaud,David,67000,STRASBOURG,03.74.72.55.31,david.raynaud@server.fr,
Thomas,,67100,STRASBOURG,03.51.73.93.80,adrien.thomas@server.fr,technicien
Le Clement,Susanne,67100,STRASBOURG,03.95.84.81.83,susanne.le-clement@server.fr,
Dubois,,67200,STRASBOURG,03.20.81.53.76,aime-raymond.dubois@server.fr,footballeur
de Pinto,,67200,STRASBOURG,03.74.93.17.73,benoit.de-pinto@server.fr,
Hebert,Roland,69001,LYON,04.67.28.21.92,roland.hebert@server.fr,cuisinier
Buisson,Lucie,69002,LYON,04.35.42.15.44,lucie.buisson@server.fr,cuisinier
Boucher,Adele,69003,LYON,04.82.49.17.30,adele.boucher@server.fr,
Rolland,Alexandre,69003,LYON,04.71.46.90.17,alexandre.rolland@server.fr,
Martineau-Buisson,,69004,LYON,04.80.39.53.22,benoit.martineau-buisson@server.fr,avocat
Foucher-Carlier,Anais,69004,LYON,04.12.60.02.33,anais.foucher-carlier@server.fr,
Cohen,Clemence,69004,LYON,04.42.72.54.88,clemence.cohen@server.fr,
Marion Le Lucas,Marianne,69004,LYON,04.07.72.35.15,marianne.marion-le-lucas@server.fr,
Michel,,69005,LYON,04.68.08.78.82,josephine.michel@server.fr,journaliste
Benard de Charrier,Aurore,69005,LYON,04.21.23.59.98,aurore.benard-de-charrier@server.fr,
Fernandes-Valette,Laurent,69006,LYON,04.14.03.19.59,laurent.fernandes-valette@server.fr,acteur
Humbert,,69006,LYON,04.57.77.17.05,benoit.humbert@server.fr,banquier
Hamon-Robin,,69006,LYON,04.74.51.30.58,denis.hamon-robin@server.fr,footballeur
Rossi,Anastasie,69006,LYON,04.84.43.34.10,anastasie.rossi@server.fr,
Evrard,Nicolas,69007,LYON,04.04.41.10.41,nicolas.evrard@server.fr,barman
Thibault,Alphonse,69007,LYON,04.71.31.48.39,alphonse.thibault@server.fr,footballeur
Lemaire,Claire,69007,LYON,04.87.56.17.87,claire.lemaire@server.fr,militaire
Roussel,Stephane,69008,LYON,04.90.37.37.22,stephane.roussel@server.fr,militaire
Didier,Veronique,69008,LYON,04.02.90.62.68,veronique.didier@server.fr,technicien
Allain,Alex,69009,LYON,04.44.61.44.48,alex.allain@server.fr,banquier
Pottier,Audrey-Claudine,69009,LYON,04.48.56.34.56,audrey-claudine.pottier@server.fr,ouvrier
Vaillant,Alain,69009,LYON,04.21.80.58.23,alain.vaillant@server.fr,
Dupuy,Denis-Theodore,69100,VILLEURBANNE,04.68.93.66.79,denis-theodore.dupuy@server.fr,acteur
Rousseau de la Martin,Diane,69100,VILLEURBANNE,04.81.45.00.15,diane.rousseau-de-la-martin@server.fr,footballeur
Perrin-Riviere,Philippe,69100,VILLEURBANNE,04.91.38.36.75,philippe.perrin-riviere@server.fr,
Teixeira-Colas,Zacharie,69100,VILLEURBANNE,04.24.73.28.68,zacharie.teixeira-colas@server.fr,
Labbe,Helene,69140,RILLIEUX LA PAPE,04.54.01.23.46,helene.labbe@server.fr,
Lemonnier-Renault,Claude,69150,DECINES-CHARPIEU,04.69.53.11.58,claude.lemonnier-renault@server.fr,barman
de Fernandes,Jacques,69150,DECINES-CHARPIEU,04.85.98.38.88,jacques.de-fernandes@server.fr,chef d'entreprise
Bazin du Bertrand,Christine,69300,CALUIRE-ET-CUIRE,04.07.24.94.58,christine.bazin-du-bertrand@server.fr,
Barbe du Collin,Danielle,69310,PIERRE BENITE,04.48.90.45.12,danielle.barbe-du-collin@server.fr,
Toussaint, ,69700,GIVORS,04.52.75.93.46,daniel.toussaint@server.fr,
Delannoy de Lefebvre,Yves,69800,SAINT-PRIEST,04.60.83.37.72,yves.delannoy-de-lefebvre@server.fr,
Chevallier,Remy,75001,PARIS,01.91.80.56.73,remy.chevallier@server.fr,
David,Benoit,75002,PARIS,01.58.98.36.08,benoit.david@server.fr,acteur
Marie,Marianne,75002,PARIS,01.79.69.73.76,marianne.marie@server.fr,architecte
Brun,,75002,PARIS,01.39.02.28.03,charles.brun@server.fr,banquier
Antoine,Alexandrie,75002,PARIS,01.75.88.57.29,alexandrie.antoine@server.fr,medecin
Leduc,Aime-Jacques,75002,PARIS,01.20.36.44.26,aime-jacques.leduc@server.fr,
Chevallier,Christiane,75003,PARIS,01.73.47.31.62,christiane.chevallier@server.fr,barman
Collet,Elise,75003,PARIS,01.12.79.10.69,elise.collet@server.fr,footballeur
Lacroix,Matthieu,75003,PARIS,01.89.74.55.41,matthieu.lacroix@server.fr,footballeur
Antoine, ,75003,PARIS,01.85.29.43.35,adrienne.antoine@server.fr,medecin
Joly,Catherine,75003,PARIS,01.70.99.17.39,catherine.joly@server.fr,
Dubois,Thierry,75004,PARIS,01.37.91.53.43,thierry.dubois@server.fr,banquier
Daniel,Alexandre-Luc,75004,PARIS,01.88.19.10.32,alexandre-luc.daniel@server.fr,journaliste
Collin,Joseph,75004,PARIS,01.33.85.89.73,joseph.collin@server.fr,ouvrier
Charpentier,Antoine,75004,PARIS,01.79.21.70.84,antoine.charpentier@server.fr,
Bourdon,Francoise,75004,PARIS,01.92.51.97.32,francoise.bourdon@server.fr,
Bonneau,Remy,75004,PARIS,01.32.04.54.43,remy.bonneau@server.fr,
Bouvet,Luc,75005,PARIS,01.51.76.83.19,luc.bouvet@server.fr,journaliste
Baron,Corinne-Manon,75005,PARIS,01.89.44.69.38,corinne-manon.baron@server.fr,technicien
Barre,Arnaude,75005,PARIS,01.02.68.31.02,arnaude.barre@server.fr,
Aubry,Emmanuelle,75006,PARIS,01.26.34.58.25,emmanuelle.aubry@server.fr,avocat
Vallet Le Bouchet,Daniel,75006,PARIS,01.18.53.12.69,daniel.vallet-le-bouchet@server.fr,chef d'entreprise
Berthelot-Lefebvre,Andre,75006,PARIS,01.10.20.05.90,andre.berthelot-lefebvre@server.fr,chercheur
Pelletier,Arthur-Rene,75006,PARIS,01.23.37.33.84,arthur-rene.pelletier@server.fr,
Verdier,,75006,PARIS,01.04.11.57.29,aimee.verdier@server.fr,
Renaud,Philippe,75007,PARIS,01.79.34.16.14,philippe.renaud@server.fr,informaticien
Fleury,Henri,75007,PARIS,01.62.03.86.42,henri.fleury@server.fr,technicien
Paris-Picard,,75007,PARIS,01.30.26.92.16,anne.paris-picard@server.fr,
de la Dias,Manon,75008,PARIS,01.15.87.34.32,manon.de-la-dias@server.fr,militaire
Masson,,75008,PARIS,01.24.28.35.08,alexandria.masson@server.fr,
Hoareau,Chantal,75009,PARIS,01.42.92.30.22,chantal.hoareau@server.fr,banquier
Nicolas,Celina,75009,PARIS,01.99.47.29.02,celina.nicolas@server.fr,comptable
Prevost,Penelope,75009,PARIS,01.74.01.14.69,penelope.prevost@server.fr,informaticien
Renaud,Richard,75009,PARIS,01.45.84.22.87,richard.renaud@server.fr,
Ollivier,daisy,75010,PARIS,01.03.30.29.46,daisy.ollivier@server.fr,journaliste
Buisson,Nathalie,75010,PARIS,01.50.62.28.78,nathalie.buisson@server.fr,militaire
Brun,Antoinette,75010,PARIS,01.25.85.53.19,antoinette.brun@server.fr,
Pereira,,75010,PARIS,01.66.67.63.04,camille.pereira@server.fr,
Marie,Victor,75011,PARIS,01.28.62.51.83,victor.marie@server.fr,avocat
Bodin,Astrid,75011,PARIS,01.96.61.18.25,astrid.bodin@server.fr,barman
Marques,Julie-Nathalie,75011,PARIS,01.44.23.55.10,julie-nathalie.marques@server.fr,
Vasseur,Sophie,75012,PARIS,01.88.77.06.68,sophie.vasseur@server.fr,barman
de la Dupuis,Jules,75012,PARIS,01.54.08.69.98,jules.de-la-dupuis@server.fr,medecin
du Faure,Thierry,75012,PARIS,01.46.30.95.02,thierry.du-faure@server.fr,
Leclerc, ,75012,PARIS,01.17.16.96.13,claire.leclerc@server.fr,
Klein,,75012,PARIS,01.86.09.57.35,daniel-alphonse.klein@server.fr,
Fouquet, ,75013,PARIS,01.44.87.04.61,jules.fouquet@server.fr,barman
Joubert,Christophe,75014,PARIS,01.70.51.28.26,christophe.joubert@server.fr,informaticien
Blot,Luc,75014,PARIS,01.56.38.29.96,luc.blot@server.fr,
Benard,Aimee-Luce,75015,PARIS,01.78.08.87.04,aimee-luce.benard@server.fr,technicien
Dumont,Laetitia,75015,PARIS,01.75.14.61.04,laetitia.dumont@server.fr,
Besnard de la Dumont,Thibault,75015,PARIS,01.64.30.22.55,thibault.besnard-de-la-dumont@server.fr,
Carre,,75016,PARIS,01.98.37.50.98,adrien.carre@server.fr,acteur
Perrin,Corinne-Astrid,75016,PARIS,01.89.60.20.76,corinne-astrid.perrin@server.fr,informaticien
Arnaud de Joubert,,75017,PARIS,01.33.65.70.11,julien.arnaud-de-joubert@server.fr,banquier
Cordier,Jean,75017,PARIS,01.49.32.16.66,jean.cordier@server.fr,journaliste
Briand,Clemence,75017,PARIS,01.22.79.30.77,clemence.briand@server.fr,
Charpentier,Antoinette,75018,PARIS,01.40.84.00.93,antoinette.charpentier@server.fr,chef d'entreprise
Daniel,,75018,PARIS,01.40.93.87.81,louis.daniel@server.fr,cuisinier
Coulon,Anastasie,75019,PARIS,01.85.19.42.46,anastasie.coulon@server.fr,chercheur
de la Bonnet,Jacques,75019,PARIS,01.28.37.89.91,jacques.de-la-bonnet@server.fr,journaliste
Brunet,Andre-Xavier,75019,PARIS,01.83.55.44.49,andre-xavier.brunet@server.fr,
Benard,Eric,75019,PARIS,01.98.80.87.54,eric.benard@server.fr,
Aubry,Benjamin,75020,PARIS,01.85.04.60.89,benjamin.aubry@server.fr,cuisinier
Buisson,Daniel,75020,PARIS,01.10.15.23.35,daniel.buisson@server.fr,
Becker,Aime,75116,PARIS,01.30.86.43.76,aime.becker@server.fr,chauffeur
Salmon-Jacquot,Nicole,75116,PARIS,01.03.89.16.08,nicole.salmon-jacquot@server.fr,comptable
Denis,Jacqueline,75116,PARIS,01.96.95.54.89,jacqueline.denis@server.fr,ouvrier
Clerc,Ines,76600,LE HAVRE,02.01.30.88.43,ines.clerc@server.fr,
Blin,Jacques,76600,LE HAVRE,02.83.99.67.65,jacques.blin@server.fr,
Maillet,,76600,LE HAVRE,02.55.74.21.90,claude.maillet@server.fr,
Weiss,Edouard,76610,LE HAVRE,02.99.38.65.65,edouard.weiss@server.fr,
Launay,,76620,LE HAVRE,02.89.27.30.48,aime.launay@server.fr,
Schneider,Alfred,83100,TOULON,04.86.88.62.83,alfred.schneider@server.fr,
Renaud,,93200,SAINT-DENIS,01.54.22.02.01,andree.renaud@server.fr,architecte
Le Paul,Robert,93200,SAINT-DENIS,01.37.83.32.68,robert.le-paul@server.fr,banquier
Chauvet,Charles,93200,SAINT-DENIS,01.94.22.17.15,charles.chauvet@server.fr,comptable
Le Joly,Jeanne,93200,SAINT-DENIS,01.97.50.23.59,jeanne.le-joly@server.fr,cuisinier
Laine du Delannoy,,93200,SAINT-DENIS,01.31.64.22.49,lorraine.laine-du-delannoy@server.fr,technicien
Hamon,Thierry,93210,SAINT-DENIS,01.42.84.17.74,thierry.hamon@server.fr,banquier
Buisson,Alix-Elisabeth,93210,SAINT-DENIS,01.86.31.55.30,alix-elisabeth.buisson@server.fr,barman
Benoit,Antoinette,93210,SAINT-DENIS,01.47.53.32.77,antoinette.benoit@server.fr,medecin
Lecomte,,93210,SAINT-DENIS,01.70.57.12.08,benoit.lecomte@server.fr,
de la Albert,Corinne,	,,04.79.41.89.18,corinne.de-la-albert@server.fr,banquier
Etienne-Techer,Noemi,	,,04.33.68.87.28,noemi.etienne-techer@server.fr,barman
Delahaye,Benoit,	,,01.63.20.35.40,benoit.delahaye@server.fr,chercheur
Bonneau,Aimee,	,,05.14.98.82.95,aimee.bonneau@server.fr,cuisinier
de la Nicolas,Sylvie,	,,01.27.51.96.82,sylvie.de-la-nicolas@server.fr,medecin
Meyer,Victoire, , ,01.61.78.69.10,victoire.meyer@server.fr,avocat
Barthelemy,Adele, ,,02.15.23.25.75,adele.barthelemy@server.fr,barman
Berthelot,Louise, ,,02.67.91.10.30,louise.berthelot@server.fr,footballeur
Foucher,Veronique, ,,04.73.91.53.86,veronique.foucher@server.fr,footballeur
David,, ,,03.20.39.73.20,julien.david@server.fr,militaire
Cousin,Jean, ,,04.96.95.51.19,jean.cousin@server.fr,
Vincent,, ,,01.61.19.31.53,daniel.vincent@server.fr,
Vincent,,  ,,01.07.43.00.50,colette.vincent@server.fr,cuisinier
Delattre-Moreau,,  ,,05.97.75.39.32,emilie.delattre-moreau@server.fr,militaire
Schmitt,Amelie,,,04.82.23.77.64,amelie.schmitt@server.fr,acteur
Courtois,Louis,,,04.21.57.23.41,louis.courtois@server.fr,acteur
Dos Santos,  ,,,04.67.43.56.96,jerome.dos-santos@server.fr,acteur
Collin,Manon,,,05.65.90.79.74,manon.collin@server.fr,architecte
du Weber,Xavier,,,04.16.69.78.02,xavier.du-weber@server.fr,architecte
Benoit,Aurelie,,,02.14.78.82.56,aurelie.benoit@server.fr,avocat
Carre,Pierre,,,04.95.88.12.66,pierre.carre@server.fr,avocat
Peltier Le Andre,Zoe,,,03.87.46.53.10,zoe.peltier-le-andre@server.fr,avocat
Aubry Le Huet,Adrien,,,02.54.50.51.41,adrien.aubry-le-huet@server.fr,banquier
Fischer,Anne-Patricia,,,04.49.46.20.42,anne-patricia.fischer@server.fr,banquier
Bousquet,Bertrand,,,04.62.36.76.36,bertrand.bousquet@server.fr,banquier
Leroux,daisy,,,04.94.18.55.71,daisy.leroux@server.fr,banquier
Denis,Laure,,,04.44.39.54.01,laure.denis@server.fr,banquier
Schneider,,,,04.85.52.60.86,dominique.schneider@server.fr,banquier
Lefort,Claire,,	,04.95.89.47.66,claire.lefort@server.fr,barman
Humbert,Franck-Xavier,,,01.16.18.58.82,franck-xavier.humbert@server.fr,barman
Leclercq,Jeannine,,,04.27.19.05.22,jeannine.leclercq@server.fr,barman
Roy de Didier,Julie,,,02.41.01.51.03,julie.roy-de-didier@server.fr,barman
Poulain,daisy,,,04.59.37.69.88,daisy.poulain@server.fr,chauffeur
Colin,Joseph,,,04.07.51.66.44,joseph.colin@server.fr,chauffeur
Pires-Richard,Paul,,,04.47.32.47.43,paul.pires-richard@server.fr,chauffeur
Lambert,Benoit,,	,04.61.87.21.94,benoit.lambert@server.fr,chef d'entreprise
Rocher,,,,03.35.03.89.15,alexandrie.rocher@server.fr,chef d'entreprise
Aubert,,,,01.13.38.06.40,denise.aubert@server.fr,chef d'entreprise
Lacroix,Denis,,,01.13.56.29.64,denis.lacroix@server.fr,chercheur
Bernard de Bertrand,Juliette,,,04.99.01.50.04,juliette.bernard-de-bertrand@server.fr,chercheur
Bouvet,Olivier,,,01.67.97.00.67,olivier.bouvet@server.fr,chercheur
Chauvin, ,,,04.80.03.80.80,juliette.chauvin@server.fr,chercheur
Vidal,Andre,,,04.98.29.99.15,andre.vidal@server.fr,comptable
Weber,Antoine,,,04.16.69.44.75,antoine.weber@server.fr,comptable
Pelletier,Marianne,,,05.49.47.22.45,marianne.pelletier@server.fr,comptable
Richard,Stephane,,,05.45.59.94.99,stephane.richard@server.fr,footballeur
Roux,Madeleine,,,01.41.72.01.92,madeleine.roux@server.fr,informaticien
Lefort,Tristan,,,01.10.55.88.25,tristan.lefort@server.fr,informaticien
Pons,Zoe,,,05.87.79.20.71,zoe.pons@server.fr,informaticien
Blanchard,Thibault,,,05.04.95.28.64,thibault.blanchard@server.fr,journaliste
Pascal,Claudine,,,04.63.55.91.39,claudine.pascal@server.fr,medecin
Barre,Suzanne,,,04.71.28.54.96,suzanne.barre@server.fr,medecin
Navarro,Benoit,,,04.91.90.20.57,benoit.navarro@server.fr,militaire
Lebon,Caroline,,,04.29.12.25.14,caroline.lebon@server.fr,militaire
du Toussaint,Denis,,,01.17.64.21.20,denis.du-toussaint@server.fr,militaire
Ollivier,Zoe,,,01.73.87.11.59,zoe.ollivier@server.fr,militaire
Lebrun,Camille-Jeanne,,	,04.56.53.65.09,camille-jeanne.lebrun@server.fr,ouvrier
Loiseau,Josephine-Celina,,,04.74.77.98.85,josephine-celina.loiseau@server.fr,ouvrier
Schneider,Nicole,,,04.07.52.19.71,nicole.schneider@server.fr,ouvrier
Tessier,,,,04.18.70.23.54,alphonse.tessier@server.fr,ouvrier
Carpentier,Franck,,,04.67.13.25.30,franck.carpentier@server.fr,technicien
Da Costa,Hortense,,,05.67.99.05.58,hortense.da-costa@server.fr,technicien
Lefebvre,Nicole,,,01.32.27.30.67,nicole.lefebvre@server.fr,technicien
Rey du Letellier,Richard,,,01.06.01.13.72,richard.rey-du-letellier@server.fr,technicien
Vasseur,,,,03.45.62.68.19,astrid-olivie.vasseur@server.fr,technicien
Valette,Alex,,,01.89.49.60.73,alex.valette@server.fr,
Berthelot,Alexandre,,,04.26.36.82.16,alexandre.berthelot@server.fr,
Antoine,Alfred,,,05.97.93.07.96,alfred.antoine@server.fr,
Rey,Alphonse-David,,,04.35.25.89.60,alphonse-david.rey@server.fr,
Leveque,Amelie-Celina,,,02.80.88.90.31,amelie-celina.leveque@server.fr,
Berthelot,Amelie-Penelope,,,04.23.60.66.60,amelie-penelope.berthelot@server.fr,
Blanchet,Anais,,,01.85.73.18.11,anais.blanchet@server.fr,
Dupuis,Anais-Audrey,,,05.92.06.84.81,anais-audrey.dupuis@server.fr,
Laroche,Andree-Sylvie,, ,04.57.45.66.82,andree-sylvie.laroche@server.fr,
Bernier,Anne,,,01.42.04.38.93,anne.bernier@server.fr,
Meunier du Verdier,Anne,,,04.31.30.48.54,anne.meunier-du-verdier@server.fr,
Paris,Anne,,,01.13.92.87.51,anne.paris@server.fr,
Coste de la Masson,Bernard,,,04.18.99.10.68,bernard.coste-de-la-masson@server.fr,
du Valette,Cecile,,,01.95.35.31.06,cecile.du-valette@server.fr,
Deschamps Le Lefevre,Christophe,,,01.94.24.76.18,christophe.deschamps-le-lefevre@server.fr,
Leconte,Claude,,,04.53.75.52.18,claude.leconte@server.fr,
Chevallier,Clemence,,,02.03.69.39.99,clemence.chevallier@server.fr,
Barre,Daniel-Luc,,,04.15.32.21.09,daniel-luc.barre@server.fr,
Vasseur,Elisabeth,,,01.60.04.28.27,elisabeth.vasseur@server.fr,
Brun,Emilie,,,04.65.11.22.81,emilie.brun@server.fr,
Da Costa,Emilie,,,01.26.94.46.64,emilie.da-costa@server.fr,
Bernier,Emmanuel,,,01.68.81.13.83,emmanuel.bernier@server.fr,
Joly,Henriette,,,04.84.66.94.70,henriette.joly@server.fr,
de Joubert,Jean,,,04.05.97.46.12,jean.de-joubert@server.fr,
Allain,Josette,,,04.27.43.46.44,josette.allain@server.fr,
Carlier,Jules,, ,05.22.73.88.53,jules.carlier@server.fr,
Arnaud,Luc,,,01.39.92.15.27,luc.arnaud@server.fr,
Collin,Noemi,,,04.21.73.47.46,noemi.collin@server.fr,
Pottier Le Lefevre,Oceane,,	,04.27.21.11.91,oceane.pottier-le-lefevre@server.fr,
Peron,Patricia,,	,04.86.97.61.33,patricia.peron@server.fr,
Lecoq,Robert,,,01.27.74.86.94,robert.lecoq@server.fr,
Vallet,Sophie,,,01.44.58.52.33,sophie.vallet@server.fr,
Reynaud,Stephane,,,04.73.20.35.00,stephane.reynaud@server.fr,
Cordier,Theodore,,,02.20.17.89.14,theodore.cordier@server.fr,
Berthelot,Thibault,,,04.83.51.51.65,thibault.berthelot@server.fr,
Humbert-Julien,Tristan,,,04.80.47.65.21,tristan.humbert-julien@server.fr,
Bodin,Veronique,,,01.91.89.60.92,veronique.bodin@server.fr,
Le Courtois,Victoire,,,01.25.42.90.47,victoire.le-courtois@server.fr,
Rocher-Laroche,Victoire,,,01.07.36.43.09,victoire.rocher-laroche@server.fr,
Fischer de Blondel,Yves,,,04.57.15.51.26,yves.fischer-de-blondel@server.fr,
Ledoux,,,,04.90.14.19.29,adele-charlotte.ledoux@server.fr,
Morin,,,,01.89.31.78.81,adrien-benoit.morin@server.fr,
Munoz,,,,02.12.47.48.08,antoine-antoine.munoz@server.fr,
Boucher,,,,04.40.67.27.21,antoine.boucher@server.fr,
Dupuy,,,,04.65.46.01.25,antoinette.dupuy@server.fr,
Teixeira,,,,04.81.15.49.13,celina.teixeira@server.fr,
Pires,,,,04.47.69.79.36,claudine.pires@server.fr,
Perrin,,,,01.79.27.37.25,david.perrin@server.fr,
test;test;test;test;test;test;test
